{
  "version": 1,
  "author": "Anonymous maker",
  "editor": "wokwi",
  "parts": [
    { "type": "wokwi-esp32-devkit-v1", "id": "esp", "top": 0, "left": 0, "attrs": {} },
    {
      "type": "wokwi-led",
      "id": "led1",
      "top": 4.97,
      "left": -116.5,
      "attrs": { "color": "red" }
    },
    {
      "type": "wokwi-resistor",
      "id": "r1",
      "top": 98.84,
      "left": -130.53,
      "rotate": 90,
      "attrs": { "value": "1000" }
    }
  ],
  "connections": [
    [ "esp:TX0", "$serialMonitor:RX", "", [] ],
    [ "esp:RX0", "$serialMonitor:TX", "", [] ],
    [ "r1:1", "led1:C", "green", [ "h0" ] ],
    [ "r1:2", "esp:GND.2", "green", [ "v12.06", "h104.53" ] ],
    [ "led1:A", "esp:D27", "green", [ "v0" ] ]
  ]
}